[1,["44n+YPb5hD74yJ9YXP+u8y@6c48a"],["_textureSource"],["cc.SpriteFrame"],0,[{"name":"bg","rect":{"x":0,"y":0,"width":351,"height":170},"offset":{"x":0,"y":0},"originalSize":{"width":351,"height":170},"rotated":false,"capInsets":[0,0,0,0],"vertices":{"rawPosition":[-175.5,-85,0,175.5,-85,0,-175.5,85,0,175.5,85,0],"indexes":[0,1,2,2,1,3],"uv":[0,170,351,170,0,0,351,0],"nuv":[0,0,1,0,0,1,1,1],"minPos":{"x":-175.5,"y":-85,"z":0},"maxPos":{"x":175.5,"y":85,"z":0}},"packable":true,"pixelsToUnit":100,"pivot":{"x":0.5,"y":0.5},"meshType":0}],[0],0,[0],[0],[0]]
