[1,["7dj5uJT9FMn6OrOOx83tfK@f9941","f8+L1D6yVFO5ig9J2IYL+k@f9941","72XCUO47RBYbUY6PE0h5DA@f9941","8d6wxbndRDqqOqhvwf5/To@f9941","94dlt0I6RJ3ZzvZ8uUEOKX@f9941","86dvmERtVEX6ZXwH4elbAw@f9941","7dj5uJT9FMn6OrOOx83tfK@6c48a","959D+LGttNB5GyuCtSD6g5@f9941","44n+YPb5hD74yJ9YXP+u8y@f9941","0963KvRd1AGakq61SISUqR@f9941","90sNfMm8RMbbsFv2P1+LMy@f9941","1brpcy/fVAW5zpIRHxP8+Q@f9941","53Fi5lfotAzbtQHaM6Hr2d@f9941","58/ckgURBENrUUF9mJ97V+@f9941","3bmC+0heJGpKdhGWnel2Ub@f9941"],["node","_spriteFrame","_parent","_textureSource","_cameraComponent","logoNode","netErrorPanel","settlementPanel","teamNodeTemp","iconLayer","playerLayer","mapLayer","uiCamera","scene"],[["cc.Node",["_name","_layer","_id","_objFlags","_active","_components","_parent","_lpos","_children"],-2,9,1,5,2],["cc.Sprite",["_sizeMode","_isTrimmedMode","node","_spriteFrame","_color"],1,1,6,5],["cc.Node",["_name","_layer","_active","_components","_children","_parent","_lpos"],0,12,2,1,5],["cc.UITransform",["node","_contentSize"],3,1,5],["cc.Widget",["_alignFlags","_originalWidth","_originalHeight","_left","_right","_top","_bottom","node"],-4,1],["cc.Label",["_string","_actualFontSize","_fontSize","_lineHeight","node","_color"],-1,1,5],"cc.SpriteFrame",["cc.SceneAsset",["_name"],2],["cc.Node",["_name","_layer","_parent","_components","_lpos"],1,1,2,5],["cc.Canvas",["node","_cameraComponent"],3,1,1],["8c8f31HD4BPda6Sr6so8eIe",["node","uiCamera","mapLayer","playerLayer","iconLayer","teamNodeTemp","settlementPanel","netErrorPanel","logoNode","teamLogo"],3,1,1,1,1,1,1,1,1,1,2],["592b5MOhWhJ66H+RDz5Wxz6",["node"],3,1],["cc.BlockInputEvents",["node"],3,1],["cc.LabelOutline",["_width","node","_color"],2,1,5],["cc.Camera",["_name","_projection","_priority","_orthoHeight","_near","_depth","_visibility","_color"],-4,5],["cc.Scene",["_name","_children","_globals"],2,2,4],["cc.SceneGlobals",["ambient","shadows","_skybox","fog","octree"],3,4,4,4,4,4],["cc.AmbientInfo",["_skyColorHDR","_groundAlbedoHDR"],3,5,5],["cc.ShadowsInfo",["_shadowColor","_size"],3,5,5],["cc.SkyboxInfo",[],3],["cc.FogInfo",[],3],["cc.OctreeInfo",[],3],["7f5d27KnPtDRaDtOYxmnk7b",["node","teamIcons","teamTitles","lblCd"],3,1,12,12,1],["ff00fUbRgxOHIAOw3hlAkg+",["node"],3,1]],[[3,0,1,1],[1,0,1,2,3,3],[0,0,1,6,5,7,3],[0,0,4,1,6,5,7,4],[1,0,2,3,2],[0,0,1,6,5,3],[4,0,1,2,7,4],[1,0,1,2,4,3,3],[0,0,3,1,6,5,4],[12,0,1],[5,0,1,2,3,4,5,5],[7,0,2],[2,0,2,1,4,3,4],[2,0,2,1,5,4,3,4],[2,0,1,5,3,6,3],[0,0,1,2,8,5,7,4],[0,0,1,6,8,5,3],[8,0,1,2,3,4,3],[3,0,1],[4,0,3,4,5,6,7,6],[9,0,1,1],[10,0,1,2,3,4,5,6,7,8,9,1],[11,0,1],[1,2,3,1],[5,0,1,2,3,4,5],[13,0,1,2,2],[14,0,1,2,3,4,5,6,7,8],[15,0,1,2,2],[16,0,1,2,3,4,1],[17,0,1,1],[18,0,1,1],[19,1],[20,1],[21,1],[22,0,1,2,3,1],[23,0,1]],[[[{"name":"default_sprite_splash","rect":{"x":0,"y":0,"width":2,"height":2},"offset":{"x":0,"y":0},"originalSize":{"width":2,"height":2},"rotated":false,"capInsets":[0,0,0,0],"vertices":{"rawPosition":[-1,-1,0,1,-1,0,-1,1,0,1,1,0],"indexes":[0,1,2,2,1,3],"uv":[0,2,2,2,0,0,2,0],"nuv":[0,0,1,0,0,1,1,1],"minPos":{"x":-1,"y":-1,"z":0},"maxPos":{"x":1,"y":1,"z":0}},"packable":true,"pixelsToUnit":100,"pivot":{"x":0.5,"y":0.5},"meshType":0}],[6],0,[0],[3],[6]],[[[11,"LoadingScene"],[12,"SettlementPanel",false,33554432,[-4,-5,-6,-7,-8,-9,-10,-11,-12,-13,-14,-15,-16,-17,-18],[[[0,-1,[5,840,630]],-2,[6,45,351,170,-3]],4,1,4]],[15,"Canvas",33554432,"beI88Z2HpFELqR4T5EMHpg",[-39,-40,-41,-42,1,-43,-44],[[0,-19,[5,840,630]],[20,-21,-20],[19,45,5.684341886080802e-14,-5.684341886080802e-14,-5.684341886080802e-14,-5.684341886080802e-14,-22],[21,-37,-36,-35,-34,-33,-32,-31,-30,-29,[-23,-24,-25,-26,-27,-28]],[22,-38]],[1,420.00000000000006,314.99999999999994,0]],[16,"IconLayer",33554432,2,[-46,-47,-48,-49,-50,-51],[[18,-45]]],[13,"NetErrorPanel",false,33554432,2,[-55,-56],[[[0,-52,[5,840,630]],-53,[6,45,300,220,-54]],4,1,4]],[5,"zecrey",33554432,3,[[0,-57,[5,106,85]],[7,2,false,-58,[4,2030043135],0]]],[8,"MaskLayer",512,33554432,1,[[0,-59,[5,840,630]],[7,0,false,-60,[4,1006632960],6],[6,45,100,100,-61],[9,-62]]],[8,"MaskLayer",512,33554432,4,[[0,-63,[5,840,630]],[7,0,false,-64,[4,1006632960],19],[6,45,100,100,-65],[9,-66]]],[2,"AVAX",33554432,3,[[0,-67,[5,48,48]],[1,0,false,-68,1]],[1,-376,271,0]],[2,"BNB",33554432,3,[[0,-69,[5,48,48]],[1,0,false,-70,2]],[1,0,271,0]],[2,"MATIC",33554432,3,[[0,-71,[5,48,48]],[1,0,false,-72,3]],[1,376,271,0]],[2,"BTC",33554432,3,[[0,-73,[5,48,48]],[1,0,false,-74,4]],[1,-376,-271,0]],[2,"ETH",33554432,3,[[0,-75,[5,48,48]],[1,0,false,-76,5]],[1,376,-271,0]],[3,"AVAX",false,33554432,1,[[0,-77,[5,40,40]],[4,0,-78,9]],[1,-47.16199999999998,30.46999999999997,0]],[2,"BNB",33554432,1,[[0,-79,[5,40,40]],[4,0,-80,10]],[1,-47.16199999999998,30.46999999999997,0]],[3,"BTC",false,33554432,1,[[0,-81,[5,40,40]],[4,0,-82,11]],[1,-47.16199999999998,30.46999999999997,0]],[3,"ETH",false,33554432,1,[[0,-83,[5,40,40]],[4,0,-84,12]],[1,-47.16199999999998,30.46999999999997,0]],[3,"MATIC",false,33554432,1,[[0,-85,[5,40,40]],[4,0,-86,13]],[1,-47.16199999999998,30.46999999999997,0]],[3,"avalanche",false,33554432,1,[[0,-87,[5,106,37]],[1,2,false,-88,14]],[1,30.86099999999999,31.149999999999977,0]],[2,"binance",33554432,1,[[0,-89,[5,81,37]],[1,2,false,-90,15]],[1,20.74799999999999,29.531999999999982,0]],[3,"ethereum",false,33554432,1,[[0,-91,[5,97,37]],[1,2,false,-92,16]],[1,28.839,29.937000000000012,0]],[3,"bitcoin",false,33554432,1,[[0,-93,[5,79,37]],[1,2,false,-94,17]],[1,21.151999999999987,30.74599999999998,0]],[3,"polygon",false,33554432,1,[[0,-95,[5,88,37]],[1,2,false,-96,18]],[1,27.21999999999997,31.149999999999977,0]],[2,"ErrorTip",33554432,4,[[0,-97,[5,131.64,29.72]],[24,"Connecting...",22,22,22,-98],[25,1,-99,[4,4289045925]]],[1,0,-174.748,0]],[3,"t1",false,33554432,2,[[0,-100,[5,20,20]],[1,0,false,-101,20]],[1,-487.73,55.264999999999986,0]],[26,"Camera<CameraComponent>",0,1073741825,315,0,10,46137344,[4,4293914607]],[5,"MapLayer",33554432,2,[[0,-102,[5,0,0]]]],[5,"PlayerLayer",33554432,2,[[0,-103,[5,0,0]]]],[5,"bg",33554432,1,[[0,-104,[5,351,170]],[23,-105,7]]],[8,"line",512,33554432,1,[[0,-106,[5,237,1]],[7,2,false,-107,[4,4292861919],8]]],[2,"tip",33554432,1,[[0,-108,[5,166.76,25.2]],[10,"The next round s about to start:",12,12,20,-109,[4,4278190080]]],[1,0,-23,0]],[14,"cd",33554432,1,[[[0,-110,[5,40.04,25.2]],-111],4,1],[1,0,-51.01400000000001,0]],[27,"LoadingScene",[2],[28,[29,[2,0,0,0,0.520833125],[2,0,0,0,0]],[30,[4,4283190348],[0,512,512]],[31],[32],[33]]],[17,"UICamera",33554432,2,[25],[1,0,0,1000]],[10,"00:15",16,16,20,31,[4,4278190080]],[34,1,[[null,15,16,14,13,17],0,1,1,1,1,1],[[null,21,20,19,18,22],0,1,1,1,1,1],34],[35,4]],0,[0,0,1,0,-2,35,0,0,1,0,-1,6,0,-2,28,0,-3,29,0,-4,13,0,-5,14,0,-6,15,0,-7,16,0,-8,17,0,-9,18,0,-10,19,0,-11,20,0,-12,21,0,-13,22,0,-14,30,0,-15,31,0,0,2,0,4,25,0,0,2,0,0,2,0,-1,5,0,-2,11,0,-3,12,0,-4,8,0,-5,9,0,-6,10,0,5,5,0,6,36,0,7,35,0,8,24,0,9,3,0,10,27,0,11,26,0,12,25,0,0,2,0,0,2,0,-1,33,0,-2,26,0,-3,3,0,-4,27,0,-6,4,0,-7,24,0,0,3,0,-1,5,0,-2,8,0,-3,9,0,-4,10,0,-5,11,0,-6,12,0,0,4,0,-2,36,0,0,4,0,-1,7,0,-2,23,0,0,5,0,0,5,0,0,6,0,0,6,0,0,6,0,0,6,0,0,7,0,0,7,0,0,7,0,0,7,0,0,8,0,0,8,0,0,9,0,0,9,0,0,10,0,0,10,0,0,11,0,0,11,0,0,12,0,0,12,0,0,13,0,0,13,0,0,14,0,0,14,0,0,15,0,0,15,0,0,16,0,0,16,0,0,17,0,0,17,0,0,18,0,0,18,0,0,19,0,0,19,0,0,20,0,0,20,0,0,21,0,0,21,0,0,22,0,0,22,0,0,23,0,0,23,0,0,23,0,0,24,0,0,24,0,0,26,0,0,27,0,0,28,0,0,28,0,0,29,0,0,29,0,0,30,0,0,30,0,0,31,0,-2,34,0,13,32,1,2,2,2,2,32,25,0,33,111],[0,0,0,0,0,0,0,0,0,0,0,0,0,0,0,0,0,0,0,0,0],[1,1,1,1,1,1,1,1,1,1,1,1,1,1,1,1,1,1,1,1,1],[7,1,2,3,4,5,0,8,9,1,2,4,5,3,10,11,12,13,14,0,0]]]]
