[1,["0963KvRd1AGakq61SISUqR@6c48a"],["_textureSource"],["cc.SpriteFrame"],0,[{"name":"line","rect":{"x":0,"y":0,"width":237,"height":1},"offset":{"x":0,"y":0},"originalSize":{"width":237,"height":1},"rotated":false,"capInsets":[0,0,0,0],"vertices":{"rawPosition":[-118.5,-0.5,0,118.5,-0.5,0,-118.5,0.5,0,118.5,0.5,0],"indexes":[0,1,2,2,1,3],"uv":[0,1,237,1,0,0,237,0],"nuv":[0,0,1,0,0,1,1,1],"minPos":{"x":-118.5,"y":-0.5,"z":0},"maxPos":{"x":118.5,"y":0.5,"z":0}},"packable":true,"pixelsToUnit":100,"pivot":{"x":0.5,"y":0.5},"meshType":0}],[0],0,[0],[0],[0]]
