[1,["1d27554e3@6c48a"],["_textureSource"],["cc.SpriteFrame"],0,[[[{"name":"binance","rect":{"x":40,"y":676,"width":80,"height":31},"offset":{"x":-0.5,"y":1},"originalSize":{"width":81,"height":37},"rotated":false,"capInsets":[0,0,0,0],"packable":true,"pixelsToUnit":100,"pivot":{"x":0.5,"y":0.5},"meshType":0}],[0],0,[0],[0],[0]],[[{"name":"polygon","rect":{"x":3,"y":676,"width":86,"height":31},"offset":{"x":-1,"y":1},"originalSize":{"width":88,"height":37},"rotated":true,"capInsets":[0,0,0,0],"packable":true,"pixelsToUnit":100,"pivot":{"x":0.5,"y":0.5},"meshType":0}],[0],0,[0],[0],[0]],[[{"name":"ethereum","rect":{"x":3,"y":132,"width":97,"height":32},"offset":{"x":0,"y":1.5},"originalSize":{"width":97,"height":37},"rotated":false,"capInsets":[0,0,0,0],"packable":true,"pixelsToUnit":100,"pivot":{"x":0.5,"y":0.5},"meshType":0}],[0],0,[0],[0],[0]],[[{"name":"bitcoin","rect":{"x":40,"y":713,"width":77,"height":31},"offset":{"x":-1,"y":1},"originalSize":{"width":79,"height":37},"rotated":false,"capInsets":[0,0,0,0],"packable":true,"pixelsToUnit":100,"pivot":{"x":0.5,"y":0.5},"meshType":0}],[0],0,[0],[0],[0]],[[{"name":"BNB","rect":{"x":3,"y":578,"width":96,"height":92},"offset":{"x":0,"y":0},"originalSize":{"width":96,"height":96},"rotated":false,"capInsets":[0,0,0,0],"packable":true,"pixelsToUnit":100,"pivot":{"x":0.5,"y":0.5},"meshType":0}],[0],0,[0],[0],[0]],[[{"name":"ETH","rect":{"x":3,"y":170,"width":96,"height":96},"offset":{"x":0,"y":0},"originalSize":{"width":96,"height":96},"rotated":false,"capInsets":[0,0,0,0],"packable":true,"pixelsToUnit":100,"pivot":{"x":0.5,"y":0.5},"meshType":0}],[0],0,[0],[0],[0]],[[{"name":"MATIC","rect":{"x":3,"y":272,"width":96,"height":96},"offset":{"x":0,"y":0},"originalSize":{"width":96,"height":96},"rotated":false,"capInsets":[0,0,0,0],"packable":true,"pixelsToUnit":100,"pivot":{"x":0.5,"y":0.5},"meshType":0}],[0],0,[0],[0],[0]],[[{"name":"avalanche","rect":{"x":3,"y":94,"width":104,"height":32},"offset":{"x":-1,"y":1.5},"originalSize":{"width":106,"height":37},"rotated":false,"capInsets":[0,0,0,0],"packable":true,"pixelsToUnit":100,"pivot":{"x":0.5,"y":0.5},"meshType":0}],[0],0,[0],[0],[0]],[[{"name":"BTC","rect":{"x":3,"y":374,"width":96,"height":96},"offset":{"x":0,"y":0},"originalSize":{"width":96,"height":96},"rotated":false,"capInsets":[0,0,0,0],"packable":true,"pixelsToUnit":100,"pivot":{"x":0.5,"y":0.5},"meshType":0}],[0],0,[0],[0],[0]],[[{"name":"zecrey","rect":{"x":3,"y":3,"width":106,"height":85},"offset":{"x":0,"y":0},"originalSize":{"width":106,"height":85},"rotated":false,"capInsets":[0,0,0,0],"packable":true,"pixelsToUnit":100,"pivot":{"x":0.5,"y":0.5},"meshType":0}],[0],0,[0],[0],[0]],[[{"name":"AVAX","rect":{"x":3,"y":476,"width":96,"height":96},"offset":{"x":0,"y":0},"originalSize":{"width":96,"height":96},"rotated":false,"capInsets":[0,0,0,0],"packable":true,"pixelsToUnit":100,"pivot":{"x":0.5,"y":0.5},"meshType":0}],[0],0,[0],[0],[0]]]]
